date,op,hp,lp,cp
22.05.2023,40.21,40.63,39.9,40.03
23.05.2023,40.12,40.6,39.45,40.09
24.05.2023,40.16,40.34,39.5,39.73
25.05.2023,39.7,39.88,38.81,39.17
26.05.2023,39.05,39.48,39.01,39.31
29.05.2023,39.5,39.83,39.25,39.64
30.05.2023,39.45,39.69,38.12,39.29
31.05.2023,39.27,39.31,38.82,39.1
01.06.2023,39.02,39.59,39.02,39.28
02.06.2023,39.36,39.57,39.15,39.49
05.06.2023,39.62,40.18,38.32,39.16
06.06.2023,38.77,39.24,38.14,38.7
07.06.2023,38.87,38.87,38.26,38.37
08.06.2023,38.29,38.69,38.29,38.54
09.06.2023,38.47,38.83,38.47,38.55
13.06.2023,38.83,38.97,38.51,38.82
14.06.2023,38.9,38.98,38.4,38.61
15.06.2023,38.73,39.87,38.6,39.86
16.06.2023,39.98,40.99,39.68,40.59
19.06.2023,40.72,40.89,40.12,40.71
20.06.2023,40.83,40.98,40.13,40.51
21.06.2023,40.73,40.85,40.3,40.49
22.06.2023,40.55,40.55,39.76,39.9
23.06.2023,39.71,39.83,38.82,39.08
26.06.2023,39.2,39.5,38.4,38.92
27.06.2023,39.1,39.34,38.47,39.09
28.06.2023,39.27,39.95,39.09,39.49
29.06.2023,39.6,39.69,39.1,39.32
30.06.2023,39.4,39.45,39.0,39.23
03.07.2023,39.25,39.91,39.25,39.63
04.07.2023,39.69,40.35,39.42,40.0
05.07.2023,40.16,41.43,40.08,41.28
06.07.2023,41.46,41.99,40.81,41.4
07.07.2023,41.51,41.73,41.0,41.15
10.07.2023,41.41,41.6,41.15,41.35
11.07.2023,41.34,41.4,40.61,41.01
12.07.2023,41.1,41.7,41.0,41.5
13.07.2023,41.68,41.69,40.97,41.16
14.07.2023,41.27,42.2,41.0,41.97
17.07.2023,41.97,42.9,41.88,42.86
18.07.2023,42.9,43.05,42.4,42.68
19.07.2023,42.7,42.88,41.92,42.38
20.07.2023,42.46,42.49,41.41,41.49
21.07.2023,41.49,41.8,41.11,41.55
24.07.2023,41.87,43.55,41.55,43.21
25.07.2023,43.29,43.78,42.91,43.4
26.07.2023,43.47,43.6,42.6,43.12
27.07.2023,43.2,43.6,42.57,43.02
28.07.2023,42.94,43.35,42.68,42.98
31.07.2023,43.2,44.23,43.15,44.18
01.08.2023,44.5,44.85,43.46,44.07
02.08.2023,44.03,44.49,43.8,43.95
03.08.2023,44.0,44.12,43.5,44.02
04.08.2023,44.1,44.9,42.09,42.77
07.08.2023,42.99,43.74,42.5,43.14
08.08.2023,43.0,43.07,42.08,42.85
09.08.2023,42.85,43.37,42.62,43.15
10.08.2023,43.0,43.5,42.91,43.4
11.08.2023,43.1,43.34,42.65,43.05
14.08.2023,43.25,44.8,42.56,42.85
15.08.2023,42.26,43.43,41.97,42.54
16.08.2023,42.56,42.88,40.6,41.15
17.08.2023,41.2,41.73,40.61,41.18
18.08.2023,41.3,41.36,40.7,41.22
21.08.2023,41.78,42.45,41.5,42.19
22.08.2023,42.34,42.34,41.7,42.01
23.08.2023,42.01,42.09,40.85,40.92
24.08.2023,40.98,41.38,40.85,41.28
25.08.2023,41.39,41.39,40.92,41.16
28.08.2023,41.19,41.94,41.16,41.8
29.08.2023,41.8,41.92,41.25,41.5
30.08.2023,41.6,41.67,41.0,41.31
31.08.2023,41.35,42.1,41.31,42.0
01.09.2023,42.15,42.2,41.74,41.93
04.09.2023,42.0,44.16,42.0,44.05
05.09.2023,44.05,44.09,43.21,43.42
06.09.2023,43.21,43.34,42.51,42.94
07.09.2023,43.1,44.1,42.16,42.53
08.09.2023,42.53,42.85,41.41,42.26
11.09.2023,42.25,42.6,41.75,42.03
12.09.2023,42.13,43.2,42.13,42.9
13.09.2023,43.0,43.0,42.25,42.46
14.09.2023,42.46,42.59,41.63,42.18
15.09.2023,42.4,42.69,41.91,42.5
18.09.2023,42.78,43.35,42.41,42.53
19.09.2023,42.5,42.51,40.69,40.9
20.09.2023,40.76,41.62,40.32,40.92
21.09.2023,40.8,42.1,40.2,41.5
22.09.2023,41.4,41.48,40.3,40.69
25.09.2023,40.74,40.74,40.0,40.08
26.09.2023,40.07,40.1,39.13,39.7
27.09.2023,39.98,40.58,39.6,40.11
28.09.2023,40.11,41.36,39.97,41.01
29.09.2023,41.01,41.7,40.71,41.29
02.10.2023,41.68,41.97,40.35,40.57
03.10.2023,40.55,40.92,39.91,40.54
04.10.2023,40.54,40.68,40.01,40.1
05.10.2023,40.1,40.17,39.8,40.09
06.10.2023,40.11,40.2,39.84,40.08
09.10.2023,40.15,40.44,40.0,40.07
10.10.2023,40.07,40.74,40.0,40.46
11.10.2023,40.3,40.57,39.54,39.64
12.10.2023,39.61,39.88,39.45,39.71
13.10.2023,39.89,39.89,39.5,39.61
16.10.2023,39.61,40.64,39.56,40.42
17.10.2023,40.5,40.61,40.03,40.2
18.10.2023,40.15,40.42,39.89,40.0
19.10.2023,40.0,40.16,39.72,39.92
20.10.2023,39.92,41.12,39.82,40.69
23.10.2023,40.7,40.88,40.31,40.54
24.10.2023,40.9,40.97,40.55,40.67
25.10.2023,40.8,40.86,40.12,40.28
26.10.2023,40.24,40.5,39.85,39.87
27.10.2023,39.87,40.2,39.38,40.0
30.10.2023,40.07,40.28,39.62,39.74
31.10.2023,39.74,39.85,39.22,39.34
01.11.2023,39.34,39.67,39.3,39.42
02.11.2023,39.44,39.85,39.03,39.33
03.11.2023,39.34,40.59,39.06,40.23
06.11.2023,40.37,40.46,39.75,40.02
07.11.2023,40.02,40.4,39.8,40.25
08.11.2023,40.25,40.4,39.96,40.06
09.11.2023,40.06,40.28,39.75,40.06
10.11.2023,40.12,40.42,39.26,39.75
13.11.2023,39.75,39.99,39.41,39.47
14.11.2023,39.42,39.58,38.66,39.28
15.11.2023,39.34,39.43,38.84,39.28
16.11.2023,39.34,39.43,38.97,39.04
17.11.2023,39.04,39.3,38.69,39.04
20.11.2023,39.04,39.16,38.81,39.0
21.11.2023,38.99,39.0,38.8,38.92
22.11.2023,38.88,39.05,38.55,38.63
23.11.2023,38.8,38.8,38.29,38.3
24.11.2023,38.18,38.58,37.86,37.98
27.11.2023,38.09,38.1,37.6,37.73
28.11.2023,37.75,38.05,36.92,37.85
29.11.2023,37.88,38.34,37.03,37.29
30.11.2023,37.29,37.39,36.52,36.65
01.12.2023,36.65,37.09,36.58,36.76
04.12.2023,36.9,37.29,35.61,35.81
05.12.2023,35.9,36.55,35.9,36.4
06.12.2023,36.42,36.64,35.18,35.58
07.12.2023,35.58,36.15,35.34,36.0
08.12.2023,36.1,36.18,35.6,35.75
11.12.2023,35.7,35.84,34.71,34.73
12.12.2023,34.64,35.16,34.48,34.69
13.12.2023,34.49,35.22,34.49,35.17
14.12.2023,35.1,35.48,34.57,34.66
15.12.2023,34.55,35.47,34.5,35.31
18.12.2023,35.3,35.64,35.03,35.35
19.12.2023,35.42,35.54,35.14,35.35
20.12.2023,35.35,35.5,35.15,35.19
21.12.2023,35.11,35.21,34.51,34.86
22.12.2023,34.96,35.06,34.55,34.72
25.12.2023,34.86,34.91,34.0,34.23
26.12.2023,34.2,34.35,33.88,34.09
27.12.2023,34.1,34.67,33.96,34.21
28.12.2023,34.23,34.45,33.7,33.72
29.12.2023,33.87,34.34,33.73,34.02
03.01.2024,34.3,34.75,34.13,34.71
04.01.2024,34.7,35.35,34.63,35.1
05.01.2024,35.24,35.24,34.82,34.91
08.01.2024,35.0,35.25,34.9,35.12
09.01.2024,35.25,35.25,34.6,34.96
10.01.2024,35.06,35.1,34.76,34.83
11.01.2024,34.88,36.06,34.62,35.78
12.01.2024,35.84,36.4,35.58,35.7
15.01.2024,35.9,36.09,35.34,35.7
16.01.2024,35.7,35.76,35.16,35.33
17.01.2024,35.33,35.48,35.26,35.45
18.01.2024,35.56,35.99,35.3,35.3
19.01.2024,35.39,35.44,35.01,35.11
22.01.2024,35.07,35.32,34.86,35.2
23.01.2024,35.27,35.27,34.73,34.84
24.01.2024,34.84,34.94,34.22,34.91
25.01.2024,34.94,35.2,34.71,34.8
26.01.2024,34.9,35.03,34.61,34.65
29.01.2024,34.89,34.95,34.65,34.76
30.01.2024,34.76,35.27,34.75,35.07
31.01.2024,35.18,35.48,35.0,35.29
01.02.2024,35.29,35.67,35.18,35.43
02.02.2024,35.52,35.56,35.22,35.34
05.02.2024,35.5,36.07,35.39,36.02
06.02.2024,36.07,36.88,35.75,36.52
07.02.2024,36.56,36.56,36.07,36.23
08.02.2024,36.25,36.34,35.35,35.51
09.02.2024,35.54,35.78,35.32,35.49
12.02.2024,35.5,35.65,35.12,35.36
13.02.2024,35.48,35.8,35.05,35.31
14.02.2024,35.36,35.63,35.31,35.34
15.02.2024,35.43,35.43,35.0,35.12
16.02.2024,35.29,35.34,34.71,34.78
19.02.2024,34.79,34.96,34.32,34.52
20.02.2024,34.52,34.85,33.8,33.91
21.02.2024,33.9,34.58,33.8,34.27
22.02.2024,34.27,34.5,33.86,34.01
26.02.2024,34.02,35.01,34.02,34.5
27.02.2024,34.5,34.6,34.03,34.28
28.02.2024,34.28,34.55,34.17,34.22
29.02.2024,34.32,35.29,34.1,34.81
01.03.2024,34.8,34.98,34.46,34.55
04.03.2024,34.56,35.37,34.56,34.77
05.03.2024,34.77,34.85,34.37,34.55
06.03.2024,34.58,34.79,34.25,34.61
07.03.2024,34.75,34.75,34.25,34.51
11.03.2024,34.53,34.79,34.48,34.56
12.03.2024,34.62,35.15,34.29,35.11
13.03.2024,35.13,35.22,34.91,34.95
14.03.2024,34.95,35.3,34.79,34.94
15.03.2024,34.01,34.94,33.71,34.74
18.03.2024,34.74,35.08,34.71,34.77
19.03.2024,34.72,34.84,34.0,34.08
20.03.2024,34.05,34.33,33.85,33.99
21.03.2024,33.9,34.11,33.55,34.01
22.03.2024,34.0,34.25,33.23,33.54
25.03.2024,33.52,33.8,33.23,33.5
26.03.2024,33.49,33.49,33.24,33.3
27.03.2024,33.3,33.47,33.01,33.33
28.03.2024,33.36,34.44,33.2,34.28
29.03.2024,34.4,34.4,33.92,33.98
01.04.2024,34.02,34.69,34.02,34.35
02.04.2024,34.44,34.5,33.9,34.33
03.04.2024,34.44,37.28,34.35,37.2
04.04.2024,37.06,39.42,36.44,38.5
05.04.2024,38.4,38.83,37.56,38.23
08.04.2024,38.2,39.73,38.2,39.19
09.04.2024,39.33,40.23,38.22,39.03
10.04.2024,39.3,41.31,39.06,41.06
11.04.2024,41.17,41.84,40.81,41.56
12.04.2024,41.7,42.79,41.65,42.5
15.04.2024,42.0,43.18,41.1,41.92
16.04.2024,41.5,41.84,40.18,40.49
17.04.2024,40.75,41.19,39.92,40.66
18.04.2024,40.69,41.65,40.69,41.36
19.04.2024,41.2,41.32,40.65,41.16
22.04.2024,41.16,42.1,40.73,41.59
23.04.2024,42.16,42.9,41.75,41.89
24.04.2024,42.0,42.58,41.59,42.31
25.04.2024,42.31,43.39,42.0,43.38
26.04.2024,43.4,43.85,43.02,43.36
27.04.2024,43.37,44.0,43.11,43.84
29.04.2024,43.84,43.95,43.35,43.82
30.04.2024,43.89,43.89,43.13,43.53
02.05.2024,43.43,43.58,42.21,42.45
03.05.2024,42.45,42.79,41.56,42.79
06.05.2024,42.51,42.9,42.02,42.3
07.05.2024,42.35,42.55,42.01,42.26
08.05.2024,42.26,43.0,42.08,42.85
10.05.2024,42.91,43.43,42.36,42.5
13.05.2024,42.6,42.74,42.07,42.41
14.05.2024,42.5,43.15,42.12,42.8
15.05.2024,43.4,45.18,43.15,44.52
16.05.2024,44.6,44.72,42.9,43.26
17.05.2024,43.1,45.93,42.61,44.2
20.05.2024,44.25,44.47,42.8,43.0
21.05.2024,43.0,44.45,42.25,44.16
22.05.2024,44.1,44.68,43.53,43.92
